recipient_name,programme,amount,table,agency
Aboriginal Corporation of Tasmania Legal Services,1.3 - Safety and Wellbeing,131942.50,new_grants,NIAA
Aboriginal Drug and Alcohol Council (SA) Aboriginal Corporation,1.3 - Safety and Wellbeing,70000.00,new_grants,NIAA
Aboriginal Drug and Alcohol Council (SA) Aboriginal Corporation,1.3 - Safety and Wellbeing,300000.00,new_grants,NIAA
Aboriginal Drug and Alcohol Council (SA) Aboriginal Corporation,1.3 - Safety and Wellbeing,70000.00,new_grants,NIAA
Aboriginal Drug and Alcohol Council (SA) Aboriginal Corporation,1.3 - Safety and Wellbeing,42172.00,new_grants,NIAA
Aboriginal Drug and Alcohol Council (SA) Aboriginal Corporation,1.3 - Safety and Wellbeing,300000.00,new_grants,NIAA
Aboriginal Housing Northern Territory (AHNT) Aboriginal Corporation,1.5 - Remote Australia Strategies,1000000.00,new_grants,NIAA
Alice Springs Youth Accommodation & Support Services Inc.,1.2 - Children and Schooling,1199433.00,new_grants,NIAA
Artback NT Incorporated,1.4 - Culture and Capability,100000.00,new_grants,NIAA
Atyenhenge-Atherre Aboriginal Corporation,1.3 - Safety and Wellbeing,103400.00,new_grants,NIAA
Batchelor Institute of Indigenous Tertiary Education,1.2 - Children and Schooling,5100567.00,new_grants,NIAA
Batemans Bay Local Aboriginal Land Council,1.4 - Culture and Capability,81000.00,new_grants,NIAA
Bin Bindi Pty Ltd,1.5 - Remote Australia Strategies,574000.00,new_grants,NIAA
Bowraville Local Aboriginal Lands Council,1.4 - Culture and Capability,25000.00,new_grants,NIAA
Broome Youth and Families Hub Incorporated,1.2 - Children and Schooling,978121.98,new_grants,NIAA
Brumby Plains Aboriginal Corporation,1.1 - Jobs Land and the Economy,1211183.64,new_grants,NIAA
Bulgarr Ngaru Medical Aboriginal Corporation,1.3 - Safety and Wellbeing,38803.00,new_grants,NIAA
Caaps Aboriginal Corporation,1.3 - Safety and Wellbeing,300000.00,new_grants,NIAA
Cape York Land Council Aboriginal Corporation,1.1 - Jobs Land and the Economy,3611543.00,new_grants,NIAA
Central Desert Native Title Services Limited,1.1 - Jobs Land and the Economy,1226120.00,new_grants,NIAA
Central Queensland Indigenous Development Limited,1.3 - Safety and Wellbeing,300000.00,new_grants,NIAA
Corporation of the City of Port Augusta,1.3 - Safety and Wellbeing,48072.00,new_grants,NIAA
Corporation of the City of Port Augusta,1.3 - Safety and Wellbeing,48072.00,new_grants,NIAA
Department of Planning Housing and Infrastructure,1.5 - Remote Australia Strategies,77000.00,new_grants,NIAA
Dhauwurd-Wurrung Portland & District Aboriginal Elderly Citizens Inc,1.3 - Safety and Wellbeing,70000.00,new_grants,NIAA
Dhina Durriti Aboriginal Corporation,1.4 - Culture and Capability,30000.00,new_grants,NIAA
Drug and Alcohol Services Australia Ltd,1.3 - Safety and Wellbeing,24106.00,new_grants,NIAA
Drug and Alcohol Services Australia Ltd,1.3 - Safety and Wellbeing,298800.00,new_grants,NIAA
Eden Local Aboriginal Land Council,1.4 - Culture and Capability,35000.00,new_grants,NIAA
Edmund Rice Education Australia Flexible Schools Ltd,1.2 - Children and Schooling,320742.00,new_grants,NIAA
Education Pathways Indigenous Corporation,1.2 - Children and Schooling,690000.00,new_grants,NIAA
Empowered Communities Limited,1.4 - Culture and Capability,1150000.00,new_grants,NIAA
Escare Inc,1.3 - Safety and Wellbeing,25000.00,new_grants,NIAA
First Nations Advocates Against Family Violence Limited,1.3 - Safety and Wellbeing,180000.00,new_grants,NIAA
Foundation of Rehabilitation With Aboriginal Alcohol Related Difficulties Aboriginal Corporation,1.3 - Safety and Wellbeing,282000.00,new_grants,NIAA
Gadigal Information Service Aboriginal Corporation,1.4 - Culture and Capability,20000.00,new_grants,NIAA
Gindaja Treatment and Healing Indigenous Corporation,1.3 - Safety and Wellbeing,274000.00,new_grants,NIAA
Gumbi-Gumbi Aboriginal and Torres Strait Islanders Corporation,1.3 - Safety and Wellbeing,70000.00,new_grants,NIAA
Gumbi-Gumbi Aboriginal and Torres Strait Islanders Corporation,1.3 - Safety and Wellbeing,300000.00,new_grants,NIAA
Gunditj Mirring Traditional Owners Aboriginal Corporation RNTBC,1.1 - Jobs Land and the Economy,413696.16,new_grants,NIAA
Guyra Local Aboriginal Land Council,1.1 - Jobs Land and the Economy,1594675.00,new_grants,NIAA
Her Story Consulting Pty Ltd,1.3 - Safety and Wellbeing,220000.00,new_grants,NIAA
Illawarra Aboriginal Medical Service Aboriginal Corporation,1.3 - Safety and Wellbeing,70000.00,new_grants,NIAA
Imparja Television Pty. Ltd.,1.4 - Culture and Capability,50000.00,new_grants,NIAA
Indigenous Carbon Industry Network Ltd,1.1 - Jobs Land and the Economy,25000.00,new_grants,NIAA
Joombarn-Buru Aboriginal Corporation RNTBC,1.1 - Jobs Land and the Economy,555000.00,new_grants,NIAA
Katungul Aboriginal Corporation Regional Health and Community Services,1.3 - Safety and Wellbeing,70000.00,new_grants,NIAA
Kimberley Language Resource Centre (Aboriginal Corporation),1.4 - Culture and Capability,20000.00,new_grants,NIAA
Lives Lived Well Limited,1.3 - Safety and Wellbeing,262665.00,new_grants,NIAA
Lives Lived Well Limited,1.3 - Safety and Wellbeing,70000.00,new_grants,NIAA
Madjulla Association,1.1 - Jobs Land and the Economy,25000.00,new_grants,NIAA
"Mala'La Health Service Aboriginal Corporation",1.1 - Jobs Land and the Economy,75000.00,new_grants,NIAA
Mallee District Aboriginal Services Limited,1.3 - Safety and Wellbeing,296500.00,new_grants,NIAA
Mercy Education Limited,1.2 - Children and Schooling,304779.00,new_grants,NIAA
Metropolitan Local Aboriginal Land Council,1.4 - Culture and Capability,100000.00,new_grants,NIAA
Milikapiti School,1.2 - Children and Schooling,263008.00,new_grants,NIAA
Milliya Rumurra Aboriginal Corporation,1.3 - Safety and Wellbeing,293674.00,new_grants,NIAA
Moorundi Aboriginal Community Controlled Health Service Limited,1.2 - Children and Schooling,12000.00,new_grants,NIAA
Mount Gambier Netball Association,1.4 - Culture and Capability,10000.00,new_grants,NIAA
Mudth-Niyleta Aboriginal and Torres Strait Islanders Corporation,1.2 - Children and Schooling,240742.00,new_grants,NIAA
Mudth-Niyleta Aboriginal and Torres Strait Islanders Corporation,1.3 - Safety and Wellbeing,25370.00,new_grants,NIAA
Mulga Security Pty Ltd,1.1 - Jobs Land and the Economy,100000.00,new_grants,NIAA
Namatjira Haven Limited,1.3 - Safety and Wellbeing,149220.00,new_grants,NIAA
National Indigenous Network Initiative Ltd,1.4 - Culture and Capability,50000.00,new_grants,NIAA
"Nelly'S Healing Centre Aboriginal Corporation",1.3 - Safety and Wellbeing,320000.00,new_grants,NIAA
Ngaanyatjarra Council (Aboriginal Corporation),1.1 - Jobs Land and the Economy,281661.00,new_grants,NIAA
Ngaimpe Aboriginal Corporation,1.3 - Safety and Wellbeing,300000.00,new_grants,NIAA
Ngangganawili Aboriginal Community Controlled Health and Medical Services Aboriginal Corporation,1.3 - Safety and Wellbeing,65695.00,new_grants,NIAA
Ngnowar-Aerwah Aboriginal Corporation,1.3 - Safety and Wellbeing,300000.00,new_grants,NIAA
Ngwala Willumbong Aboriginal Corporation,1.3 - Safety and Wellbeing,300000.00,new_grants,NIAA
North Australian Aboriginal Family Legal Service - Aboriginal Corporation,1.5 - Remote Australia Strategies,555175.67,new_grants,NIAA
NSWALC Employment and Training Ltd,1.1 - Jobs Land and the Economy,391402.13,new_grants,NIAA
Orana Haven Aboriginal Corporation,1.3 - Safety and Wellbeing,204960.45,new_grants,NIAA
Palm Island Community Company Ltd,1.3 - Safety and Wellbeing,4777023.00,new_grants,NIAA
Palmerston Association Incorporated,1.3 - Safety and Wellbeing,69118.00,new_grants,NIAA
Pitjantjatjara Yankunytjatjara Media (Aboriginal Corporation),1.5 - Remote Australia Strategies,10000.00,new_grants,NIAA
Pularumpi School,1.2 - Children and Schooling,259399.00,new_grants,NIAA
Purfleet Taree Local Aboriginal Land Council,1.1 - Jobs Land and the Economy,31000.00,new_grants,NIAA
Silver Lining Foundation Australia Ltd,1.2 - Children and Schooling,600000.00,new_grants,NIAA
Southern Aboriginal Corporation,1.3 - Safety and Wellbeing,450788.54,new_grants,NIAA
The Central Australian Aboriginal Alcohol Programmes Unit Aboriginal Corporation,1.3 - Safety and Wellbeing,250682.00,new_grants,NIAA
The Gathering Place Health Service Incorported,1.4 - Culture and Capability,12960.00,new_grants,NIAA
The Oolong Aboriginal Corporation,1.3 - Safety and Wellbeing,101767.00,new_grants,NIAA
The Roman Catholic Trust Corporation For the Diocese of Townsville,1.2 - Children and Schooling,899000.00,new_grants,NIAA
The Trustee For the Salvation Army (QLD) Property Trust,1.3 - Safety and Wellbeing,285014.00,new_grants,NIAA
Tiwi Education Board Incorporated,1.2 - Children and Schooling,500000.00,new_grants,NIAA
Tiwi Islands Regional Council,1.3 - Safety and Wellbeing,1372560.00,new_grants,NIAA
Umoona Tjutagku Health Service Aboriginal Corporation,1.3 - Safety and Wellbeing,10000.00,new_grants,NIAA
Uniting Communities Incorporated,1.3 - Safety and Wellbeing,300000.00,new_grants,NIAA
"Waminda South Coast Women'S Health and Wellbeing Aboriginal Corporation",1.3 - Safety and Wellbeing,70000.00,new_grants,NIAA
Wandiyali,1.3 - Safety and Wellbeing,69630.00,new_grants,NIAA
Weigelli Centre Aboriginal Corporation,1.3 - Safety and Wellbeing,300000.00,new_grants,NIAA
West Arnhem Regional Council,1.3 - Safety and Wellbeing,1947452.00,new_grants,NIAA
"Women'S Alcohol and Drug Advisory Centre Incorporated",1.3 - Safety and Wellbeing,264880.00,new_grants,NIAA
Wunan Foundation Inc.,1.4 - Culture and Capability,100000.00,new_grants,NIAA
Wungening Aboriginal Corporation,1.3 - Safety and Wellbeing,70000.00,new_grants,NIAA
Wurundjeri Woi-Wurrung Cultural Heritage Aboriginal Corporation,1.1 - Jobs Land and the Economy,2091206.00,new_grants,NIAA
Wyndham Youth Aboriginal Corporation,1.3 - Safety and Wellbeing,70000.00,new_grants,NIAA
Yaandina Community Services Limited,1.3 - Safety and Wellbeing,300000.00,new_grants,NIAA
Yaandina Community Services Limited,1.3 - Safety and Wellbeing,70000.00,new_grants,NIAA
Yothu Yindi Foundation Aboriginal Corporation,1.4 - Culture and Capability,1452000.00,new_grants,NIAA
Yulella Aboriginal Corporation,1.2 - Children and Schooling,402646.42,new_grants,NIAA
Aboriginal & Torres Strait Islander Community Health Service Mackay Ltd,1.3 - Safety and Wellbeing,478799.40,varied_grants,NIAA
Aboriginal & Torres Strait Islander Legal Service (QLD) Ltd,1.3 - Safety and Wellbeing,4478997.92,varied_grants,NIAA
Aboriginal Drug and Alcohol Council (SA) Aboriginal Corporation,1.3 - Safety and Wellbeing,2538406.20,varied_grants,NIAA
Aboriginal Drug and Alcohol Council (SA) Aboriginal Corporation,1.2 - Children and Schooling,125000.00,varied_grants,NIAA
Aboriginal Employment Strategy Limited,1.1 - Jobs Land and the Economy,101042.75,varied_grants,NIAA
Aboriginal Family Support Services Limited,1.3 - Safety and Wellbeing,466183.52,varied_grants,NIAA
Aboriginal Legal Rights Movement,1.3 - Safety and Wellbeing,1719286.20,varied_grants,NIAA
AFL Sports Ready Limited,1.1 - Jobs Land and the Economy,53690.69,varied_grants,NIAA
Akeyulerre Aboriginal Corporation,1.4 - Culture and Capability,801855.00,varied_grants,NIAA
Akeyulerre Aboriginal Corporation,1.3 - Safety and Wellbeing,300000.00,varied_grants,NIAA
Albury Wodonga Aboriginal Health Service Ltd,1.3 - Safety and Wellbeing,236936.40,varied_grants,NIAA
Alekarenge Horticulture Pty Ltd,1.1 - Jobs Land and the Economy,287421.00,varied_grants,NIAA
Aminjarrinja Enterprises Aboriginal Corporation,1.2 - Children and Schooling,749278.00,varied_grants,NIAA
Anyinginyi Health Aboriginal Corporation,1.3 - Safety and Wellbeing,1982502.60,varied_grants,NIAA
Anyinginyi Health Aboriginal Corporation,1.3 - Safety and Wellbeing,565699.08,varied_grants,NIAA
Armajun Health Service Aboriginal Corporation,1.3 - Safety and Wellbeing,412293.60,varied_grants,NIAA
Ashburton Aboriginal Corporation,1.1 - Jobs Land and the Economy,2872904.90,varied_grants,NIAA
Ashburton Aboriginal Corporation,1.1 - Jobs Land and the Economy,3126942.24,varied_grants,NIAA
Ashburton Aboriginal Corporation,1.1 - Jobs Land and the Economy,8719555.80,varied_grants,NIAA
Australian Indigenous Minority Supplier Office Limited,1.1 - Jobs Land and the Economy,2900000.00,varied_grants,NIAA
Australian Institute of Aboriginal & Torres Strait Islander Studies,1.6 - Evaluation and Research,150000.00,varied_grants,NIAA
Awabakal Ltd,1.3 - Safety and Wellbeing,236934.24,varied_grants,NIAA
Ballarat and District Aboriginal Co-Operative Limited,1.3 - Safety and Wellbeing,236934.24,varied_grants,NIAA
Barkly Regional Arts Inc,1.1 - Jobs Land and the Economy,132989.00,varied_grants,NIAA
Barkly Regional Council,1.3 - Safety and Wellbeing,3333464.88,varied_grants,NIAA
Barkly Regional Council,1.5 - Remote Australia Strategies,102645.00,varied_grants,NIAA
Bawinanga Homelands Aboriginal Corporation,1.1 - Jobs Land and the Economy,3411454.73,varied_grants,NIAA
Bendigo and District Aboriginal Co-Operative Ltd,1.3 - Safety and Wellbeing,236935.32,varied_grants,NIAA
Bendigo and District Aboriginal Co-Operative Ltd,1.3 - Safety and Wellbeing,236935.32,varied_grants,NIAA
Best Employment Limited,1.3 - Safety and Wellbeing,438347.40,varied_grants,NIAA
Biripi Aboriginal Corporation Medical Centre,1.3 - Safety and Wellbeing,597178.84,varied_grants,NIAA
Bloodwood Tree Assoc Inc,1.3 - Safety and Wellbeing,937538.49,varied_grants,NIAA
Bringing Them Home (WA) Incorporated,1.3 - Safety and Wellbeing,584740.46,varied_grants,NIAA
Broome Aboriginal Media Association (Aboriginal Corporation),1.4 - Culture and Capability,949014.60,varied_grants,NIAA
Brumby Hill Aboriginal Corporation,1.1 - Jobs Land and the Economy,1829.02,varied_grants,NIAA
Bularri Muurlay Nyanggan Aboriginal Corporation,1.3 - Safety and Wellbeing,165120.12,varied_grants,NIAA
Bularri Muurlay Nyanggan Aboriginal Corporation,1.3 - Safety and Wellbeing,443051.60,varied_grants,NIAA
Bulgarr Ngaru Medical Aboriginal Corporation,1.3 - Safety and Wellbeing,119743.68,varied_grants,NIAA
Bulgarr Ngaru Medical Aboriginal Corporation,1.3 - Safety and Wellbeing,875489.94,varied_grants,NIAA
Bumma Bippera Media Aboriginal and Torres Strait Islanders Corporation,1.4 - Culture and Capability,1391847.09,varied_grants,NIAA
Bushmob Aboriginal Corporation,1.3 - Safety and Wellbeing,2673161.85,varied_grants,NIAA
Bushmob Aboriginal Corporation,1.3 - Safety and Wellbeing,2048832.99,varied_grants,NIAA
Bwgcolman Speeca Ltd,1.1 - Jobs Land and the Economy,30000.00,varied_grants,NIAA
Bynoe Community Advancement Co-Operative Society Ltd,1.1 - Jobs Land and the Economy,2073685.94,varied_grants,NIAA
Bynoe Community Advancement Co-Operative Society Ltd,1.1 - Jobs Land and the Economy,735358.09,varied_grants,NIAA
Cape York Employment Pty Ltd,1.1 - Jobs Land and the Economy,1889204.52,varied_grants,NIAA
Cape York Employment Pty Ltd,1.1 - Jobs Land and the Economy,460339.90,varied_grants,NIAA
Careertrackers Indigenous Internship Program Limited,1.1 - Jobs Land and the Economy,17599.31,varied_grants,NIAA
Catholiccare NT,1.1 - Jobs Land and the Economy,3565339.61,varied_grants,NIAA
Ceduna Aboriginal Corporation,1.5 - Remote Australia Strategies,384890.40,varied_grants,NIAA
Central Australian Aboriginal Congress Aboriginal Corporation,1.3 - Safety and Wellbeing,1852556.60,varied_grants,NIAA
Central Australian Aboriginal Congress Aboriginal Corporation,1.3 - Safety and Wellbeing,931193.16,varied_grants,NIAA
Central Desert Regional Council,1.1 - Jobs Land and the Economy,2186794.41,varied_grants,NIAA
Charleville and Western Areas Aboriginal and Torres Strait Islanders Community Health Limited,1.3 - Safety and Wellbeing,236936.40,varied_grants,NIAA
Cherbourg Aboriginal Shire Council,1.3 - Safety and Wellbeing,277976.40,varied_grants,NIAA
Cherbourg Regional Aboriginal and Islander Community Controlled Health Services Ltd,1.3 - Safety and Wellbeing,277976.40,varied_grants,NIAA
Circular Head Aboriginal Corporation,1.3 - Safety and Wellbeing,305384.76,varied_grants,NIAA
Circular Head Aboriginal Corporation,1.3 - Safety and Wellbeing,475319.40,varied_grants,NIAA
Circular Head Aboriginal Corporation,1.3 - Safety and Wellbeing,869005.20,varied_grants,NIAA
Community Resources Limited,1.3 - Safety and Wellbeing,698098.74,varied_grants,NIAA
Compass Group (Australia) Pty Ltd,1.1 - Jobs Land and the Economy,13167.83,varied_grants,NIAA
Complete Employment Service Pty Ltd,1.3 - Safety and Wellbeing,374199.00,varied_grants,NIAA
Complete Employment Service Pty Ltd,1.1 - Jobs Land and the Economy,1518766.68,varied_grants,NIAA
Complete Employment Service Pty Ltd,1.1 - Jobs Land and the Economy,2448755.19,varied_grants,NIAA
Connect Northern Rivers Incorporated,1.1 - Jobs Land and the Economy,628.56,varied_grants,NIAA
Cooee Indigenous Family & Community Education Resource Centre Ltd,1.2 - Children and Schooling,750000.00,varied_grants,NIAA
Coonamble Aboriginal Health Service Limited,1.3 - Safety and Wellbeing,758694.96,varied_grants,NIAA
Coota Girls Aboriginal Corporation,1.3 - Safety and Wellbeing,236921.44,varied_grants,NIAA
Cornerstone Youth Services Inc,1.3 - Safety and Wellbeing,680481.96,varied_grants,NIAA
Cunnamulla Aboriginal Corporation For Health,1.3 - Safety and Wellbeing,236934.24,varied_grants,NIAA
Danila Dilba Biluru Butji Binnilutlum Health Service Limited,1.3 - Safety and Wellbeing,913440.00,varied_grants,NIAA
Danila Dilba Biluru Butji Binnilutlum Health Service Limited,1.3 - Safety and Wellbeing,1252275.12,varied_grants,NIAA
Department For Correctional Services,1.3 - Safety and Wellbeing,576641.16,varied_grants,NIAA
Department of the Premier & Cabinet,1.1 - Jobs Land and the Economy,1000000.00,varied_grants,NIAA
Dhauwurd-Wurrung Portland & District Aboriginal Elderly Citizens Inc,1.3 - Safety and Wellbeing,345813.42,varied_grants,NIAA
Dhina Durriti Aboriginal Corporation,1.2 - Children and Schooling,221000.00,varied_grants,NIAA
Dja Dja Wurrung Clans Aboriginal Corporation,1.4 - Culture and Capability,50000.00,varied_grants,NIAA
Doomadgee Aboriginal Shire Council,1.4 - Culture and Capability,181649.01,varied_grants,NIAA
Doomadgee Aboriginal Shire Council,1.3 - Safety and Wellbeing,641484.00,varied_grants,NIAA
Drug and Alcohol Services Australia Ltd,1.3 - Safety and Wellbeing,443604.42,varied_grants,NIAA
Dumbartung Aboriginal Corporation,1.3 - Safety and Wellbeing,194583.48,varied_grants,NIAA
East Arnhem Regional Council,1.4 - Culture and Capability,108475.76,varied_grants,NIAA
Ebenezer Aboriginal Corporation,1.1 - Jobs Land and the Economy,1791.32,varied_grants,NIAA
Emama Nguda Aboriginal Corporation,1.1 - Jobs Land and the Economy,2486135.79,varied_grants,NIAA
Enterprise Management Group Pty Ltd,1.1 - Jobs Land and the Economy,3681868.14,varied_grants,NIAA
Envirotech Education Pty Ltd,1.1 - Jobs Land and the Economy,538.24,varied_grants,NIAA
Eyreplus Pty Limited,1.1 - Jobs Land and the Economy,2034495.27,varied_grants,NIAA
First Nations Broadcasting Aboriginal Corporation,1.4 - Culture and Capability,2119154.40,varied_grants,NIAA
Foundation of Rehabilitation With Aboriginal Alcohol Related Difficulties Aboriginal Corporation,1.3 - Safety and Wellbeing,1046243.37,varied_grants,NIAA
Gandangara Local Aboriginal Land Council,1.1 - Jobs Land and the Economy,1839.18,varied_grants,NIAA
Geraldton Sporting Aboriginal Corporation,1.3 - Safety and Wellbeing,1649704.40,varied_grants,NIAA
Gippsland and East Gippsland Aboriginal Co-Operative Limited,1.3 - Safety and Wellbeing,334563.84,varied_grants,NIAA
Goolum - Goolum Aboriginal Co-Operative Limited,1.3 - Safety and Wellbeing,236929.96,varied_grants,NIAA
Goondir Aboriginal & Torres Strait Islanders Corporation For Health Services,1.3 - Safety and Wellbeing,473868.52,varied_grants,NIAA
Griffith Aboriginal Medical Service Aboriginal Corporation,1.3 - Safety and Wellbeing,236921.42,varied_grants,NIAA
Groote Eylandt and Bickerton Island Enterprises Aboriginal Corporation,1.1 - Jobs Land and the Economy,3837032.66,varied_grants,NIAA
Group Training Australia Limited,1.1 - Jobs Land and the Economy,19853.57,varied_grants,NIAA
Gunditjmara Aboriginal Co-Operative Limited,1.3 - Safety and Wellbeing,123810.68,varied_grants,NIAA
Gungarde Community Centre Aboriginal Corporation,1.1 - Jobs Land and the Economy,2869562.23,varied_grants,NIAA
Gur A Baradharaw Kod Torres Strait Sea and Land Council Torres Strait Islander and Aboriginal Corporation,1.1 - Jobs Land and the Economy,3780810.48,varied_grants,NIAA
Gurriny Yealamucka (Good Healing) Health Services Aboriginal Corporation,1.3 - Safety and Wellbeing,236934.24,varied_grants,NIAA
Gurriny Yealamucka (Good Healing) Health Services Aboriginal Corporation,1.3 - Safety and Wellbeing,536359.76,varied_grants,NIAA
Gurriny Yealamucka (Good Healing) Health Services Aboriginal Corporation,1.4 - Culture and Capability,400927.50,varied_grants,NIAA
Gurriny Yealamucka (Good Healing) Health Services Aboriginal Corporation,1.2 - Children and Schooling,1373500.08,varied_grants,NIAA
Hope Vale Aboriginal Shire Council,1.4 - Culture and Capability,357402.81,varied_grants,NIAA
Illawarra Aboriginal Corporation,1.3 - Safety and Wellbeing,358504.00,varied_grants,NIAA
Illawarra Aboriginal Medical Service Aboriginal Corporation,1.3 - Safety and Wellbeing,237049.72,varied_grants,NIAA
Impact Services Pty Ltd,1.1 - Jobs Land and the Economy,3665.64,varied_grants,NIAA
Imparja Television Pty. Ltd.,1.4 - Culture and Capability,2355490.77,varied_grants,NIAA
Indian Ocean Group Training Association Incorporated,1.1 - Jobs Land and the Economy,319686.34,varied_grants,NIAA
Indigenous Wellbeing Centre Ltd,1.3 - Safety and Wellbeing,695130.30,varied_grants,NIAA
Indigenous Wellbeing Centre Ltd,1.3 - Safety and Wellbeing,709353.00,varied_grants,NIAA
Indigenous Workstars Pty Ltd,1.1 - Jobs Land and the Economy,2065.91,varied_grants,NIAA
Institute of Indigenous Wellbeing and Sport of WA Aboriginal Corporation,1.3 - Safety and Wellbeing,759730.88,varied_grants,NIAA
Ironbark Aboriginal Corporation,1.1 - Jobs Land and the Economy,3796261.47,varied_grants,NIAA
Jagun Aged and Community Care Limited,1.3 - Safety and Wellbeing,64148.40,varied_grants,NIAA
Job Pathways Pty Ltd,1.1 - Jobs Land and the Economy,4570016.76,varied_grants,NIAA
Job Pathways Pty Ltd,1.1 - Jobs Land and the Economy,2054167.31,varied_grants,NIAA
Jobfind Centres Australia Pty Ltd,1.1 - Jobs Land and the Economy,2026329.31,varied_grants,NIAA
Kalano Community Association Inc,1.1 - Jobs Land and the Economy,4309116.13,varied_grants,NIAA
Kalparrin Community Inc,1.3 - Safety and Wellbeing,725807.10,varied_grants,NIAA
Katherine West Health Board Aboriginal Corporation,1.3 - Safety and Wellbeing,1411264.80,varied_grants,NIAA
Katungul Aboriginal Corporation Regional Health and Community Services,1.3 - Safety and Wellbeing,236921.40,varied_grants,NIAA
Killara Foundation Ltd,1.1 - Jobs Land and the Economy,1216.86,varied_grants,NIAA
Kinaway Chamber of Commerce Victoria Limited,1.1 - Jobs Land and the Economy,1190.76,varied_grants,NIAA
Kinchela Boys Home Aboriginal Corporation,1.3 - Safety and Wellbeing,258325.60,varied_grants,NIAA
Kirrae Health Service Inc.,1.3 - Safety and Wellbeing,118464.96,varied_grants,NIAA
Koonibba Community Aboriginal Corporation,1.5 - Remote Australia Strategies,577025.10,varied_grants,NIAA
Kowanyama Aboriginal Shire Council,1.4 - Culture and Capability,181649.01,varied_grants,NIAA
Kowanyama Aboriginal Shire Council,1.3 - Safety and Wellbeing,171062.40,varied_grants,NIAA
Kuditj Pty Ltd,1.4 - Culture and Capability,1451912.43,varied_grants,NIAA
"Kuku'Nathi Services Pty Ltd",1.1 - Jobs Land and the Economy,1794071.45,varied_grants,NIAA
Kullarri Regional Communities Indigenous Corporation,1.1 - Jobs Land and the Economy,2329110.99,varied_grants,NIAA
Kununurra Waringarri Aboriginal Corporation,1.3 - Safety and Wellbeing,721669.50,varied_grants,NIAA
Latrobe City Council,1.1 - Jobs Land and the Economy,7499.96,varied_grants,NIAA
Lockhart River Aboriginal Shire Council,1.4 - Culture and Capability,108138.18,varied_grants,NIAA
Maari Ma Health Aboriginal Corporation,1.3 - Safety and Wellbeing,591174.56,varied_grants,NIAA
Mackay & District Aboriginal & Islander Media Association Limited,1.4 - Culture and Capability,1153564.65,varied_grants,NIAA
Madec Australia,1.3 - Safety and Wellbeing,1219046.24,varied_grants,NIAA
Mallee District Aboriginal Services Limited,1.3 - Safety and Wellbeing,473866.36,varied_grants,NIAA
Many Rivers Microfinance Ltd,1.1 - Jobs Land and the Economy,11120000.00,varied_grants,NIAA
Maranguka Limited,1.3 - Safety and Wellbeing,331142.60,varied_grants,NIAA
Marra Worra Worra Aboriginal Corporation,1.1 - Jobs Land and the Economy,6130708.74,varied_grants,NIAA
Marra Worra Worra Aboriginal Corporation,1.5 - Remote Australia Strategies,100000.00,varied_grants,NIAA
Mawarnkarra Health Service,1.3 - Safety and Wellbeing,225231.44,varied_grants,NIAA
Maxima Training Group (Aust) Limited,1.1 - Jobs Land and the Economy,22539.70,varied_grants,NIAA
Mid North Coast Indigenous Broadcasters Association (Aboriginal Corporation),1.4 - Culture and Capability,778500.00,varied_grants,NIAA
Midwest Employment & Economic Development Aboriginal Corporation,1.1 - Jobs Land and the Economy,2883885.53,varied_grants,NIAA
Midwest Employment & Economic Development Aboriginal Corporation,1.1 - Jobs Land and the Economy,2048571.41,varied_grants,NIAA
Mookai Rosie-Bi-Bayan (Aboriginal and Torres Strait Islanders Corporation),1.3 - Safety and Wellbeing,307014.24,varied_grants,NIAA
Moorundi Aboriginal Community Controlled Health Service Limited,1.3 - Safety and Wellbeing,391225.02,varied_grants,NIAA
Moriarty Foundation Limited,1.2 - Children and Schooling,1515892.08,varied_grants,NIAA
Mornington Shire Council,1.2 - Children and Schooling,374199.00,varied_grants,NIAA
Mornington Shire Council,1.3 - Safety and Wellbeing,395581.80,varied_grants,NIAA
Mount Isa Aboriginal Media Association (Aboriginal Corporation),1.4 - Culture and Capability,927066.27,varied_grants,NIAA
Muda Aboriginal Corporation,1.4 - Culture and Capability,548933.91,varied_grants,NIAA
Mulungu Aboriginal Corporation Primary Health Care Service,1.3 - Safety and Wellbeing,236932.12,varied_grants,NIAA
Mungoorbada Aboriginal Corporation,1.1 - Jobs Land and the Economy,177834.99,varied_grants,NIAA
MYCDP Ngukurr Numbulwar Pty Ltd,1.1 - Jobs Land and the Economy,2792414.98,varied_grants,NIAA
National Rugby League Limited,1.1 - Jobs Land and the Economy,100137.61,varied_grants,NIAA
New South Wales Aboriginal Land Council,1.1 - Jobs Land and the Economy,3000000.00,varied_grants,NIAA
Ngaanyatjarra Council (Aboriginal Corporation),1.1 - Jobs Land and the Economy,5208628.53,varied_grants,NIAA
Ngaanyatjarra Pitjantjatjara Yankunytjatjara Women'S Council Aboriginal Corporation,1.3 - Safety and Wellbeing,604000.00,varied_grants,NIAA
Ngaarda Media Aboriginal Corporation,1.4 - Culture and Capability,1137495.48,varied_grants,NIAA
Nganampa Health Council Inc,1.5 - Remote Australia Strategies,482593.83,varied_grants,NIAA
Ngangganawili Aboriginal Community Controlled Health and Medical Services Aboriginal Corporation,1.3 - Safety and Wellbeing,1246360.53,varied_grants,NIAA
Ngoonbi Community Services Indigenous Corporation,1.3 - Safety and Wellbeing,790328.22,varied_grants,NIAA
Ngurra Kujungka (Inc),1.3 - Safety and Wellbeing,577335.60,varied_grants,NIAA
Ngurra Kujungka (Inc),1.3 - Safety and Wellbeing,172229.92,varied_grants,NIAA
Ngurratjuta/Pmara Ntjarra Aboriginal Corporation,1.1 - Jobs Land and the Economy,2538038.68,varied_grants,NIAA
Njernda Aboriginal Corporation,1.3 - Safety and Wellbeing,236927.84,varied_grants,NIAA
North Australian Aboriginal Justice Agency Ltd,1.3 - Safety and Wellbeing,362637.36,varied_grants,NIAA
North Australian Aboriginal Justice Agency Ltd,1.3 - Safety and Wellbeing,1701462.54,varied_grants,NIAA
North Queensland Land Council Native Title Representative Body Aboriginal Corporation,1.1 - Jobs Land and the Economy,908684.00,varied_grants,NIAA
Npa Family and Community Services Aboriginal & Torres Strait Islander Corporation,1.1 - Jobs Land and the Economy,1502024.18,varied_grants,NIAA
NSWALC Employment and Training Ltd,1.1 - Jobs Land and the Economy,795160.73,varied_grants,NIAA
NSWALC Employment and Training Ltd,1.1 - Jobs Land and the Economy,2058113.09,varied_grants,NIAA
NSWALC Employment and Training Ltd,1.1 - Jobs Land and the Economy,5653.40,varied_grants,NIAA
Nunkuwarrin Yunti of South Australia Incorporated,1.3 - Safety and Wellbeing,473868.52,varied_grants,NIAA
Nyirrunggulung-Rise Pty Ltd,1.1 - Jobs Land and the Economy,1617212.99,varied_grants,NIAA
Oak Valley (Maralinga) Aboriginal Corporation,1.5 - Remote Australia Strategies,288667.80,varied_grants,NIAA
Oak Valley (Maralinga) Aboriginal Corporation,1.3 - Safety and Wellbeing,320742.00,varied_grants,NIAA
Orana Haven Aboriginal Corporation,1.3 - Safety and Wellbeing,690621.66,varied_grants,NIAA
Paupiyala Tjarutja Aboriginal Corporation,1.3 - Safety and Wellbeing,186289.08,varied_grants,NIAA
Paupiyala Tjarutja Aboriginal Corporation,1.1 - Jobs Land and the Economy,445819.94,varied_grants,NIAA
Peoplekind Group Ltd,1.3 - Safety and Wellbeing,4492465.05,varied_grants,NIAA
Pika Wiya Health Service Aboriginal Corporation,1.3 - Safety and Wellbeing,236936.40,varied_grants,NIAA
Pilbara and Kimberley Aboriginal Media (Aboriginal Corporation),1.4 - Culture and Capability,3273297.21,varied_grants,NIAA
Pitjantjatjara Yankunytjatjara Media (Aboriginal Corporation),1.4 - Culture and Capability,2183182.20,varied_grants,NIAA
Pius X Aboriginal Corporation,1.3 - Safety and Wellbeing,236921.44,varied_grants,NIAA
Police Citizens Youth Clubs NSW Ltd,1.3 - Safety and Wellbeing,117605.40,varied_grants,NIAA
Pormpur Paanthu Aboriginal Corporation,1.3 - Safety and Wellbeing,236927.84,varied_grants,NIAA
Pormpur Paanthu Aboriginal Corporation,1.3 - Safety and Wellbeing,1526553.36,varied_grants,NIAA
Port Augusta Youth Centre Incorporated,1.3 - Safety and Wellbeing,310050.60,varied_grants,NIAA
Port Lincoln Aboriginal Community Council,1.3 - Safety and Wellbeing,441480.00,varied_grants,NIAA
Port Lincoln Aboriginal Health Service Limited,1.3 - Safety and Wellbeing,473864.24,varied_grants,NIAA
Purnululu Aboriginal Corporation,1.4 - Culture and Capability,149576.96,varied_grants,NIAA
Queensland Police-Citizens Youth Welfare Association,1.4 - Culture and Capability,224519.40,varied_grants,NIAA
Queensland Remote Aboriginal Media Aboriginal Corporation,1.4 - Culture and Capability,2002148.55,varied_grants,NIAA
Rainbow Gateway Limited,1.1 - Jobs Land and the Economy,759445.76,varied_grants,NIAA
Rainbow Gateway Limited,1.1 - Jobs Land and the Economy,964608.63,varied_grants,NIAA
Rainbow Gateway Limited,1.1 - Jobs Land and the Economy,1507107.85,varied_grants,NIAA
Rainbow Gateway Limited,1.1 - Jobs Land and the Economy,3937599.76,varied_grants,NIAA
Ramahyuck District Aboriginal Corporation,1.3 - Safety and Wellbeing,902230.12,varied_grants,NIAA
Rda Alice Springs Incorporated,1.3 - Safety and Wellbeing,380849.04,varied_grants,NIAA
Real Futures Pty Ltd,1.1 - Jobs Land and the Economy,7259140.26,varied_grants,NIAA
Real Futures Pty Ltd,1.1 - Jobs Land and the Economy,3122.91,varied_grants,NIAA
Regional Anangu Services Aboriginal Corporation,1.1 - Jobs Land and the Economy,7763442.74,varied_grants,NIAA
Rekindling the Spirit Limited,1.3 - Safety and Wellbeing,334563.84,varied_grants,NIAA
Relationships Australia Tasmania Ltd,1.3 - Safety and Wellbeing,321186.76,varied_grants,NIAA
Resq Plus Pty. Ltd.,1.1 - Jobs Land and the Economy,970826.84,varied_grants,NIAA
Resq Plus Pty. Ltd.,1.1 - Jobs Land and the Economy,2405264.20,varied_grants,NIAA
Resq Plus Pty. Ltd.,1.1 - Jobs Land and the Economy,621.22,varied_grants,NIAA
Rirratjingu Aboriginal Corporation,1.2 - Children and Schooling,530000.00,varied_grants,NIAA
Rise-Ngurratjuta Pty Ltd,1.1 - Jobs Land and the Economy,1331456.13,varied_grants,NIAA
Rise-Ngurratjuta Pty Ltd,1.1 - Jobs Land and the Economy,999237.53,varied_grants,NIAA
Rise-Ngurratjuta Pty Ltd,1.1 - Jobs Land and the Economy,4950511.11,varied_grants,NIAA
Riverina Medical and Dental Aboriginal Corporation,1.3 - Safety and Wellbeing,492001.12,varied_grants,NIAA
Roper Gulf Regional Council,1.3 - Safety and Wellbeing,1662531.96,varied_grants,NIAA
Roper Gulf Regional Council,1.1 - Jobs Land and the Economy,960987.51,varied_grants,NIAA
Roper Gulf Regional Council,1.1 - Jobs Land and the Economy,1992500.84,varied_grants,NIAA
Royal Life Saving Society Australia NT Branch Inc,1.3 - Safety and Wellbeing,539167.32,varied_grants,NIAA
Rumbalara Aboriginal Co-Operative Limited,1.3 - Safety and Wellbeing,236927.84,varied_grants,NIAA
Saltbush Social Enterprises Limited,1.1 - Jobs Land and the Economy,13674.02,varied_grants,NIAA
Scotdesco Aboriginal Corporation,1.5 - Remote Australia Strategies,416964.60,varied_grants,NIAA
South Australia Police,1.3 - Safety and Wellbeing,395581.80,varied_grants,NIAA
South Australian National Football League Inc,1.3 - Safety and Wellbeing,1026374.40,varied_grants,NIAA
South Coast Medical Service Aboriginal Corporation,1.3 - Safety and Wellbeing,350023.60,varied_grants,NIAA
South West Indigenous Network Inc,1.3 - Safety and Wellbeing,163997.52,varied_grants,NIAA
South West Indigenous Network Inc,1.4 - Culture and Capability,192445.20,varied_grants,NIAA
Spinifex State College - Mount Isa Education and Training Precinct,1.2 - Children and Schooling,565472.00,varied_grants,NIAA
Sunraysia Regional Consulting Limited,1.1 - Jobs Land and the Economy,9883.05,varied_grants,NIAA
Sunrise Health Service Aboriginal Corporation,1.3 - Safety and Wellbeing,974734.95,varied_grants,NIAA
Tamworth Aboriginal Medical Service - Aboriginal Corporation,1.3 - Safety and Wellbeing,404820.00,varied_grants,NIAA
Tamworth Aboriginal Medical Service - Aboriginal Corporation,1.3 - Safety and Wellbeing,1058760.00,varied_grants,NIAA
Tamworth Aboriginal Medical Service - Aboriginal Corporation,1.3 - Safety and Wellbeing,744246.00,varied_grants,NIAA
Tamworth Aboriginal Medical Service - Aboriginal Corporation,1.3 - Safety and Wellbeing,664763.44,varied_grants,NIAA
Tangentyere Council Aboriginal Corporation,1.3 - Safety and Wellbeing,2500000.00,varied_grants,NIAA
Tangentyere Council Aboriginal Corporation,1.3 - Safety and Wellbeing,2712611.32,varied_grants,NIAA
Tangentyere Council Aboriginal Corporation,1.3 - Safety and Wellbeing,580000.00,varied_grants,NIAA
Tangentyere Council Aboriginal Corporation,1.1 - Jobs Land and the Economy,5323739.72,varied_grants,NIAA
Tapa Warpulayi-Itya Pty Ltd,1.1 - Jobs Land and the Economy,4025.85,varied_grants,NIAA
Tasmanian Aboriginal Corporation,1.3 - Safety and Wellbeing,1389946.16,varied_grants,NIAA
Tasmanian Aboriginal Corporation,1.3 - Safety and Wellbeing,106914.00,varied_grants,NIAA
Thamarrurr Development Corporation Limited,1.1 - Jobs Land and the Economy,9112776.24,varied_grants,NIAA
The Arnhem Land Progress Aboriginal Corporation,1.1 - Jobs Land and the Economy,9038599.46,varied_grants,NIAA
The Arnhem Land Progress Aboriginal Corporation,1.1 - Jobs Land and the Economy,5862705.62,varied_grants,NIAA
The Arnhem Land Progress Aboriginal Corporation,1.1 - Jobs Land and the Economy,2480847.53,varied_grants,NIAA
The Arnhem Land Progress Aboriginal Corporation,1.1 - Jobs Land and the Economy,4204338.12,varied_grants,NIAA
The Cathedral School of St Anne and St James,1.2 - Children and Schooling,262800.00,varied_grants,NIAA
The Preston Campbell Foundation Limited,1.1 - Jobs Land and the Economy,1184.32,varied_grants,NIAA
The Rumbalara Football Netball Club Inc.,1.3 - Safety and Wellbeing,128368.80,varied_grants,NIAA
The Victorian Aboriginal Health Service Co-Operative Limited,1.3 - Safety and Wellbeing,236927.84,varied_grants,NIAA
Tiwi Training & Employment Pty Ltd,1.1 - Jobs Land and the Economy,2414521.07,varied_grants,NIAA
Tjuwanpa Outstation Resource Centre (Aboriginal Corporation),1.1 - Jobs Land and the Economy,1221436.74,varied_grants,NIAA
Torres and Cape Hospital and Health Service,1.3 - Safety and Wellbeing,118460.72,varied_grants,NIAA
Torres Strait Island Regional Council,1.3 - Safety and Wellbeing,748398.00,varied_grants,NIAA
Townsville Aboriginal and Torres Strait Islander Corporation For Health Services,1.3 - Safety and Wellbeing,669628.04,varied_grants,NIAA
Tracqs Pty Ltd,1.1 - Jobs Land and the Economy,3038600.29,varied_grants,NIAA
Tullawon Health Service Incorporated,1.3 - Safety and Wellbeing,70000.00,varied_grants,NIAA
Tumut Regional Family Services Incorporated,1.3 - Safety and Wellbeing,379359.20,varied_grants,NIAA
Umeewarra Aboriginal Media Assn Inc,1.4 - Culture and Capability,1124575.83,varied_grants,NIAA
Umoona Tjutagku Health Service Aboriginal Corporation,1.3 - Safety and Wellbeing,236934.24,varied_grants,NIAA
Urapunga Aboriginal Corporation,Aboriginals Benefit Account,36589.26,varied_grants,NIAA
Urapuntja Health Service Aboriginal Corporation,1.3 - Safety and Wellbeing,684249.60,varied_grants,NIAA
Victoria Daly Regional Council,1.1 - Jobs Land and the Economy,1910381.68,varied_grants,NIAA
Victorian Aboriginal Community Services Association Limited,1.4 - Culture and Capability,70500.00,varied_grants,NIAA
Voyages Indigenous Tourism Australia Pty Ltd,1.1 - Jobs Land and the Economy,64137.75,varied_grants,NIAA
WA Country Health Service,1.3 - Safety and Wellbeing,674700.00,varied_grants,NIAA
Waalitj Foundation Limited,1.1 - Jobs Land and the Economy,3000000.00,varied_grants,NIAA
Waalitj Foundation Limited,1.1 - Jobs Land and the Economy,1002824.30,varied_grants,NIAA
Waalitj Foundation Limited,1.1 - Jobs Land and the Economy,6522.67,varied_grants,NIAA
Walgett Aboriginal Medical Service Ltd.,1.3 - Safety and Wellbeing,685950.66,varied_grants,NIAA
Walgett Aboriginal Medical Service Ltd.,1.3 - Safety and Wellbeing,450668.16,varied_grants,NIAA
Walgett Aboriginal Medical Service Ltd.,1.3 - Safety and Wellbeing,473864.24,varied_grants,NIAA
Wandiyali,1.3 - Safety and Wellbeing,698088.33,varied_grants,NIAA
Warlpiri Media Aboriginal Corporation,1.4 - Culture and Capability,2552378.28,varied_grants,NIAA
Warmun Community (Turkey Creek) Inc,1.3 - Safety and Wellbeing,396788.30,varied_grants,NIAA
West Arnhem Regional Council,1.4 - Culture and Capability,342124.80,varied_grants,NIAA
West Daly Regional Council,1.3 - Safety and Wellbeing,4059051.00,varied_grants,NIAA
Western Australian Police and Community Youth Centres (Inc),1.3 - Safety and Wellbeing,491804.40,varied_grants,NIAA
Wiltja Constructions Pty Ltd,1.5 - Remote Australia Strategies,14000.00,varied_grants,NIAA
"Women'S Alcohol and Drug Advisory Centre Incorporated",1.3 - Safety and Wellbeing,845295.30,varied_grants,NIAA
Worldview Foundation Limited,1.1 - Jobs Land and the Economy,6912.49,varied_grants,NIAA
Worn Gundidj Aboriginal Co-Operative Ltd,1.3 - Safety and Wellbeing,498009.68,varied_grants,NIAA
Wuchopperen Health Service Limited,1.3 - Safety and Wellbeing,400803.48,varied_grants,NIAA
Wunan Foundation Inc.,1.4 - Culture and Capability,962226.00,varied_grants,NIAA
Wungening Aboriginal Corporation,1.3 - Safety and Wellbeing,458115.80,varied_grants,NIAA
Wurli-Wurlinjang Aboriginal Corporation,1.3 - Safety and Wellbeing,2335803.60,varied_grants,NIAA
Wurli-Wurlinjang Aboriginal Corporation,1.3 - Safety and Wellbeing,1081294.05,varied_grants,NIAA
Wurli-Wurlinjang Aboriginal Corporation,1.3 - Safety and Wellbeing,1184720.44,varied_grants,NIAA
Wuthathi Aboriginal Corporation RNTBC,1.1 - Jobs Land and the Economy,2382261.00,varied_grants,NIAA
Yaandina Community Services Limited,1.3 - Safety and Wellbeing,2213119.80,varied_grants,NIAA
Yaandina Community Services Limited,1.3 - Safety and Wellbeing,320742.00,varied_grants,NIAA
Yagbani Aboriginal Corporation,1.1 - Jobs Land and the Economy,640903.31,varied_grants,NIAA
Yalagan Group Pty Ltd,1.1 - Jobs Land and the Economy,864.26,varied_grants,NIAA
Yalata Anangu Aboriginal Corporation,1.5 - Remote Australia Strategies,673558.20,varied_grants,NIAA
Yoowinna Wurnalung Aboriginal Healing Service Limited,1.4 - Culture and Capability,106914.00,varied_grants,NIAA
Yulella Aboriginal Corporation,1.1 - Jobs Land and the Economy,899486.38,varied_grants,NIAA
Yura and Udnyu Pty Ltd,1.4 - Culture and Capability,40000.00,varied_grants,NIAA
Running Water Community Press Co-operative Limited,Community Quick Response Grant,9937.00,new_grants,AINT
Pioneer Football and Community Club,Community Quick Response Grant,9769.00,new_grants,AINT
EON Aboriginal Corporation,Community Quick Response Grant,8828.00,new_grants,AINT
Tiwi Bombers Football Club Incorporated,Community Quick Response Grant,10000.00,new_grants,AINT
APN CAPE YORK,ILSC Landholding to Grant,48993.75,new_grants,ILSC
DANILA DILBA BILURU BUTJI BINNILUTLUM HEALTH SERVICES,ILSC Our Country Our Future,1499650.00,new_grants,ILSC
GIRRINGUN ABORIGINAL CORPORATION,ILSC Our Country Our Future,499444.35,new_grants,ILSC
GIRRINGUN ABORIGINAL CORPORATION,ILSC Disaster Recovery Quick Response Grant,19962.48,new_grants,ILSC
KARAJARRI TRADITIONAL LANDS ASSOCIATION ABORIGINAL CORPORATION,ILSC Landholding to Grant,13504.00,new_grants,ILSC
The trustee for GELGANYEM TRUST,ILSC Our Country Our Future,4000.00,new_grants,ILSC
TRIBAL WARRIOR ABORIGINAL CORPORATION,ILSC Our Country Our Future,213430.00,new_grants,ILSC
WIRADJURI CONDOBOLIN CORPORATION LIMITED,ILSC Our Country Our Future,554410.00,new_grants,ILSC
Marthakal Homelands Resource Centre Inc (IRP Marthakal IPA),Indigenous Ranger Program,712792.00,new_grants,NLC
Department of Tourism and Sport (Department of Sport Racing and Olympic and Paralympic Games),Healthy Communities,200000.00,new_grants,TSRA
